^DJI,^GSPC,^W5000
11306.95498046875,1432.7010131835937,13573.53701171875
-18.007001953124927,-1.1151989746093705,3.9224999999998547
-9.987910156249928,-0.6659008789062681,-4.154999999999745
3.1570019531247455,0.2081005859375181,-6.148398437500328
-6.13338867187449,-0.782900390624991,8.817998046875436
13.069277343749128,1.7497009277343067,-12.340888671875655
