^DJI,^GSPC,^W5000
11306.95498046875,1432.7010131835937,13573.53701171875
-18.007001953124927,-1.1151989746093705,3.9224999999998547
-9.987910156249928,-0.6659008789062681,-4.154999999999745
3.1570019531247455,0.2081005859375181,-6.148398437500328
